{"cameraMode":{"drawMode":0,"name":"Shaded","section":"Shading Mode"},"sceneLighting":true,"audioPlay":false,"sceneViewState":{"showFog":true,"showMaterialUpdate":false,"showSkybox":true,"showFlares":true,"showImageEffects":true,"showParticleSystems":true},"in2DMode":false,"pivot":{"x":1.7893872261047364,"y":1.578372597694397,"z":-1.1351008415222169},"rotation":{"x":-0.028911102563142778,"y":-0.5463697910308838,"z":0.017022406682372094,"w":-0.8374294638633728},"size":2.041964530944824,"orthographic":false}