{"cameraMode":{"drawMode":0,"name":"Shaded","section":"Shading Mode"},"sceneLighting":false,"audioPlay":false,"sceneViewState":{"showFog":true,"showMaterialUpdate":false,"showSkybox":true,"showFlares":true,"showImageEffects":true,"showParticleSystems":true},"in2DMode":false,"pivot":{"x":-342.2742614746094,"y":-30.913619995117189,"z":-473.87255859375},"rotation":{"x":0.03459743782877922,"y":-0.7864243388175964,"z":0.04452374950051308,"w":0.6153323650360107},"size":382.6484375,"orthographic":false}