{"cameraMode":{"drawMode":0,"name":"Shaded","section":"Shading Mode"},"sceneLighting":true,"audioPlay":false,"sceneViewState":{"showFog":true,"showMaterialUpdate":false,"showSkybox":true,"showFlares":true,"showImageEffects":true,"showParticleSystems":true},"in2DMode":false,"pivot":{"x":-2.120443344116211,"y":-5.875400066375732,"z":-5.687991142272949},"rotation":{"x":-0.07418627291917801,"y":0.9097156524658203,"z":-0.3641005754470825,"w":-0.1853541135787964},"size":11.667262077331543,"orthographic":false}